UPDATED,llmg_1786,LLMG_RS08960
UPDATED,llmg_1705,LLMG_RS08575
UPDATED,llmg_1329,LLMG_RS06735
UPDATED,llmg_1275,LLMG_RS06465
UPDATED,llmg_1464,LLMG_RS07390
UPDATED,llmg_1298,LLMG_RS06585
UPDATED,llmg_0973,LLMG_RS04950
UPDATED,llmg_0862,LLMG_RS04410
UPDATED,llmg_2432,LLMG_RS12215
UPDATED,llmg_2359,LLMG_RS11835
UPDATED,llmg_0635,LLMG_RS03315
UPDATED,llmg_1873,LLMG_RS09375
UPDATED,llmg_1874,LLMG_RS09380
UPDATED,llmg_1823,LLMG_RS09135
UPDATED,llmg_2019,LLMG_RS10105
UPDATED,llmg_1049,LLMG_RS05330
UPDATED,llmg_1048,LLMG_RS05325
UPDATED,llmg_0555,LLMG_RS02890
UPDATED,llmg_2182,LLMG_RS10960
UPDATED,llmg_1784,LLMG_RS08950
UPDATED,llmg_0127,LLMG_RS00675
UPDATED,llmg_0126,LLMG_RS00670
UPDATED,llmg_0993,LLMG_RS05050
UPDATED,llmg_0020,LLMG_RS00090
UPDATED,llmg_1179,LLMG_RS05970
UPDATED,llmg_1041,LLMG_RS05280
UPDATED,llmg_1042,LLMG_RS05285
UPDATED,llmg_1216,LLMG_RS06145
UPDATED,llmg_0762,LLMG_RS03940
UPDATED,llmg_0428,LLMG_RS02185
UPDATED,llmg_1289,LLMG_RS06535
UPDATED,llmg_0539,LLMG_RS02820
UPDATED,llmg_2230,LLMG_RS11185
UPDATED,llmg_0970,LLMG_RS04935
UPDATED,llmg_0236,LLMG_RS01240
UPDATED,llmg_1473,LLMG_RS07435
UPDATED,llmg_0607,LLMG_RS03160
UPDATED,llmg_0264,LLMG_RS01385
UPDATED,llmg_2167,LLMG_RS10835
UPDATED,llmg_0650,LLMG_RS03390
UPDATED,llmg_1720,LLMG_RS08650
UPDATED,llmg_0076,LLMG_RS00415
UPDATED,llmg_2272,LLMG_RS11405
UPDATED,llmg_1470,LLMG_RS07415
UPDATED,llmg_1783,LLMG_RS08945
UPDATED,llmg_1280,LLMG_RS06490
UPDATED,llmg_0994,LLMG_RS05055
UPDATED,llmg_2346,LLMG_RS11765
UPDATED,llmg_1098,LLMG_RS05575
UPDATED,llmg_1290,LLMG_RS06540
UPDATED,llmg_1292,LLMG_RS06550
UPDATED,llmg_0634,LLMG_RS03310
UPDATED,llmg_0955,LLMG_RS04865
UPDATED,llmg_2073,LLMG_RS10345
UPDATED,llmg_0375,LLMG_RS01925
UPDATED,llmg_0376,LLMG_RS01930
UPDATED,llmg_2415,LLMG_RS12110
UPDATED,llmg_1110,LLMG_RS05635
UPDATED,llmg_0500,LLMG_RS02545
UPDATED,llmg_1948,LLMG_RS09745
UPDATED,llmg_1949,LLMG_RS09750
UPDATED,llmg_1945,LLMG_RS09730
UPDATED,llmg_1946,LLMG_RS09735
UPDATED,llmg_1947,LLMG_RS09740
UPDATED,llmg_1952,LLMG_RS09765
UPDATED,llmg_1951,LLMG_RS09760
UPDATED,llmg_1950,LLMG_RS09755
UPDATED,llmg_0744,LLMG_RS03845
UPDATED,llmg_0463,LLMG_RS02355
UPDATED,llmg_1217,LLMG_RS06150
UPDATED,llmg_1154,LLMG_RS05860
UPDATED,llmg_1153,LLMG_RS05855
UPDATED,llmg_1131,LLMG_RS05745
UPDATED,llmg_0066,LLMG_RS00370
UPDATED,llmg_1472,LLMG_RS07425
UPDATED,llmg_0894,LLMG_RS04565
UPDATED,llmg_1089,LLMG_RS05530
UPDATED,llmg_2237,LLMG_RS11220
UPDATED,llmg_0427,LLMG_RS02180
UPDATED,llmg_1412,LLMG_RS07130
UPDATED,llmg_0408,LLMG_RS02085
UPDATED,llmg_1770,LLMG_RS08890
UPDATED,llmg_1693,LLMG_RS08520
UPDATED,llmg_0763,LLMG_RS03945
UPDATED,llmg_2242,LLMG_RS11240
UPDATED,llmg_0566,LLMG_RS02945
UPDATED,llmg_1789,LLMG_RS08975
UPDATED,llmg_0454,LLMG_RS02305
UPDATED,llmg_0532,LLMG_RS02790
UPDATED,llmg_0456,LLMG_RS02315
UPDATED,llmg_0441,LLMG_RS02245
UPDATED,llmg_1296,LLMG_RS06570
UPDATED,llmg_1060,LLMG_RS05380
UPDATED,llmg_1854,LLMG_RS09290
UPDATED,llmg_1781,LLMG_RS08935
UPDATED,llmg_0538,LLMG_RS02815
UPDATED,llmg_0732,LLMG_RS03780
UPDATED,llmg_1599,LLMG_RS08050
UPDATED,llmg_1317,LLMG_RS06665
UPDATED,llmg_0988,LLMG_RS05025
UPDATED,llmg_1569,LLMG_RS07905
UPDATED,llmg_2181,LLMG_RS10955
UPDATED,llmg_1333,LLMG_RS06755
UPDATED,llmg_0480,LLMG_RS02445
UPDATED,llmg_1828,LLMG_RS09155
UPDATED,llmg_1516,LLMG_RS07630
UPDATED,llmg_0931,LLMG_RS04750
UPDATED,llmg_0415,LLMG_RS02125
UPDATED,llmg_1939,LLMG_RS09705
UPDATED,llmg_1532,LLMG_RS07710
UPDATED,llmg_1588,LLMG_RS08000
UPDATED,llmg_0776,LLMG_RS04005
UPDATED,llmg_0741,LLMG_RS03830
UPDATED,llmg_2310,LLMG_RS11580
UPDATED,llmg_2309,LLMG_RS11575
UPDATED,llmg_0388,LLMG_RS01990
UPDATED,llmg_1450,LLMG_RS07320
UPDATED,llmg_2511,LLMG_RS12615
UPDATED,llmg_0958,LLMG_RS04880
UPDATED,llmg_2477,LLMG_RS12445
UPDATED,llmg_0386,LLMG_RS01980
UPDATED,llmg_1544,LLMG_RS07765
UPDATED,llmg_1543,LLMG_RS07760
UPDATED,llmg_2160,LLMG_RS10795
UPDATED,llmg_0437,LLMG_RS02225
UPDATED,llmg_0440,LLMG_RS02240
UPDATED,llmg_0438,LLMG_RS02230
UPDATED,llmg_1295,LLMG_RS06565
UPDATED,llmg_1276,LLMG_RS06470
UPDATED,llmg_1278,LLMG_RS06480
UPDATED,llmg_1279,LLMG_RS06485
UPDATED,llmg_1032,LLMG_RS05245
UPDATED,llmg_1606,LLMG_RS08085
UPDATED,llmg_1187,LLMG_RS06010
UPDATED,llmg_0181,LLMG_RS00960
UPDATED,llmg_0783,LLMG_RS04040
UPDATED,llmg_0074,LLMG_RS00405
UPDATED,llmg_0073,LLMG_RS00400
UPDATED,llmg_0071,LLMG_RS00390
UPDATED,llmg_0072,LLMG_RS00395
UPDATED,llmg_1309,LLMG_RS06630
UPDATED,llmg_0467,LLMG_RS02375
UPDATED,llmg_1114,LLMG_RS05655
UPDATED,llmg_2414,LLMG_RS12105
UPDATED,llmg_1346,LLMG_RS06820
UPDATED,llmg_1477,LLMG_RS07450
UPDATED,llmg_1478,LLMG_RS07455
UPDATED,llmg_1105,LLMG_RS05610
UPDATED,llmg_1106,LLMG_RS05615
UPDATED,llmg_0952,LLMG_RS04850
UPDATED,llmg_1991,LLMG_RS09975
UPDATED,llmg_1601,LLMG_RS08060
UPDATED,llmg_2288,LLMG_RS11480
UPDATED,llmg_2289,LLMG_RS11485
UPDATED,llmg_0987,LLMG_RS05020
UPDATED,llmg_1738,LLMG_RS08735
UPDATED,llmg_1979,LLMG_RS09920
UPDATED,llmg_1978,LLMG_RS09915
UPDATED,llmg_0535,LLMG_RS02805
UPDATED,llmg_0113,LLMG_RS00605
UPDATED,llmg_0382,LLMG_RS01960
UPDATED,llmg_1568,LLMG_RS07900
UPDATED,llmg_0727,LLMG_RS03755
UPDATED,llmg_0729,LLMG_RS03765
UPDATED,llmg_0728,LLMG_RS03760
UPDATED,llmg_0964,LLMG_RS04905
UPDATED,llmg_1119,LLMG_RS05685
UPDATED,llmg_0025,LLMG_RS00155
UPDATED,llmg_1530,LLMG_RS07700
UPDATED,llmg_0360,LLMG_RS01855
UPDATED,llmg_1700,LLMG_RS08555
UPDATED,llmg_1699,LLMG_RS08550
UPDATED,llmg_1743,LLMG_RS08760
UPDATED,llmg_2046,LLMG_RS10225
UPDATED,llmg_1735,LLMG_RS08720
UPDATED,llmg_1734,LLMG_RS08715
UPDATED,llmg_2077,LLMG_RS10365
UPDATED,llmg_0722,LLMG_RS03735
UPDATED,llmg_1787,LLMG_RS08965
UPDATED,llmg_0281,LLMG_RS01465
UPDATED,llmg_1542,LLMG_RS07755
UPDATED,llmg_1764,LLMG_RS08860
UPDATED,llmg_0749,LLMG_RS03870
UPDATED,llmg_0292,LLMG_RS01525
UPDATED,llmg_1820,LLMG_RS09120
UPDATED,llmg_1832,LLMG_RS09175
UPDATED,llmg_0206,LLMG_RS01090
UPDATED,llmg_1896,LLMG_RS09490
UPDATED,llmg_1897,LLMG_RS09495
UPDATED,llmg_1900,LLMG_RS09510
UPDATED,llmg_1901,LLMG_RS09515
UPDATED,llmg_1898,LLMG_RS09500
UPDATED,llmg_1899,LLMG_RS09505
UPDATED,llmg_0859,LLMG_RS04395
UPDATED,llmg_0207,LLMG_RS01095
UPDATED,llmg_2234,LLMG_RS11205
UPDATED,llmg_0447,LLMG_RS02275
UPDATED,llmg_0209,LLMG_RS01105
UPDATED,llmg_1006,LLMG_RS05120
UPDATED,llmg_1063,LLMG_RS05395
UPDATED,llmg_1989,LLMG_RS09965
UPDATED,llmg_1284,LLMG_RS06510
UPDATED,llmg_1282,LLMG_RS06500
UPDATED,llmg_0277,LLMG_RS01445
UPDATED,llmg_1345,LLMG_RS06815
UPDATED,llmg_0389,LLMG_RS01995
UPDATED,llmg_0258,LLMG_RS01355
UPDATED,llmg_0257,LLMG_RS01350
UPDATED,llmg_0255,LLMG_RS01335
UPDATED,llmg_0451,LLMG_RS02290
UPDATED,llmg_1418,LLMG_RS07160
UPDATED,llmg_0997,LLMG_RS05075
UPDATED,llmg_0299,LLMG_RS01565
UPDATED,llmg_2313,LLMG_RS11595
UPDATED,llmg_0565,LLMG_RS02940
UPDATED,llmg_2455,LLMG_RS12325
UPDATED,llmg_1342,LLMG_RS06800
UPDATED,llmg_0425,LLMG_RS02170
UPDATED,llmg_0176,LLMG_RS00940
UPDATED,llmg_0174,LLMG_RS00930
UPDATED,llmg_0175,LLMG_RS00935
UPDATED,llmg_1741,LLMG_RS08750
UPDATED,llmg_0977,LLMG_RS04970
UPDATED,llmg_1334,LLMG_RS06760
UPDATED,llmg_1221,LLMG_RS06170
UPDATED,llmg_1219,LLMG_RS06160
UPDATED,llmg_1222,LLMG_RS06175
UPDATED,llmg_1220,LLMG_RS06165
UPDATED,llmg_1118,LLMG_RS05680
UPDATED,llmg_2236,LLMG_RS11215
UPDATED,llmg_2053,LLMG_RS10255
UPDATED,llmg_1430,LLMG_RS07215
UPDATED,llmg_2285,LLMG_RS11470
UPDATED,llmg_0738,LLMG_RS03815
UPDATED,llmg_0739,LLMG_RS03820
UPDATED,llmg_0737,LLMG_RS03810
UPDATED,llmg_0315,LLMG_RS01635
UPDATED,llmg_0312,LLMG_RS01620
UPDATED,llmg_0313,LLMG_RS01625
UPDATED,llmg_0314,LLMG_RS01630
UPDATED,llmg_0199,LLMG_RS01055
UPDATED,llmg_0349,LLMG_RS01800
UPDATED,llmg_0348,LLMG_RS01795
UPDATED,llmg_0347,LLMG_RS01790
UPDATED,llmg_0346,LLMG_RS01785
UPDATED,llmg_0976,LLMG_RS04965
UPDATED,llmg_0974,LLMG_RS04955
UPDATED,llmg_0975,LLMG_RS04960
UPDATED,llmg_1709,LLMG_RS08595
UPDATED,llmg_0742,LLMG_RS03835
UPDATED,llmg_1441,LLMG_RS07275
UPDATED,llmg_2233,LLMG_RS11200
UPDATED,llmg_2235,LLMG_RS11210
UPDATED,llmg_0190,LLMG_RS01005
UPDATED,llmg_0197,LLMG_RS01040
UPDATED,llmg_1704,LLMG_RS08570
UPDATED,llmg_1291,LLMG_RS06545
UPDATED,llmg_0912,LLMG_RS04655
UPDATED,llmg_0563,LLMG_RS02930
UPDATED,llmg_0886,LLMG_RS04530
UPDATED,llmg_1833,LLMG_RS09180
UPDATED,llmg_1030,LLMG_RS05235
UPDATED,llmg_1031,LLMG_RS05240
UPDATED,llmg_1277,LLMG_RS06475
UPDATED,llmg_0940,LLMG_RS04795
UPDATED,llmg_0868,LLMG_RS04440
UPDATED,llmg_1719,LLMG_RS08645
UPDATED,llmg_0874,LLMG_RS04470
UPDATED,llmg_0891,LLMG_RS04555
UPDATED,llmg_1218,LLMG_RS06155
UNKNOWN,llmg_1875
UPDATED,llmg_1595,LLMG_RS08030
UPDATED,llmg_1996,LLMG_RS10000
UPDATED,llmg_0864,LLMG_RS04420
UPDATED,llmg_2042,LLMG_RS10205
UPDATED,llmg_1288,LLMG_RS06530
UPDATED,llmg_2539,LLMG_RS12755
UPDATED,llmg_0530,LLMG_RS02785
UPDATED,llmg_2161,LLMG_RS10800
UPDATED,llmg_1927,LLMG_RS09645
UPDATED,llmg_1226,LLMG_RS06195
UPDATED,llmg_0119,LLMG_RS00635
UPDATED,llmg_1776,LLMG_RS08915
UPDATED,llmg_2443,LLMG_RS12260
UPDATED,llmg_1508,LLMG_RS07600
UPDATED,llmg_2169,LLMG_RS10900
UPDATED,llmg_1181,LLMG_RS05980
UPDATED,llmg_0879,LLMG_RS04495
UPDATED,llmg_0210,LLMG_RS01110
UPDATED,llmg_1038,LLMG_RS05265
UPDATED,llmg_2307,LLMG_RS11565
UPDATED,llmg_2311,LLMG_RS11585
UPDATED,llmg_2076,LLMG_RS10360
UPDATED,llmg_2155,LLMG_RS10780
UPDATED,llmg_1756,LLMG_RS08825
UPDATED,llmg_1456,LLMG_RS07350
UPDATED,llmg_2332,LLMG_RS11690
UPDATED,llmg_0063,LLMG_RS00350
UPDATED,llmg_0429,LLMG_RS02190
UPDATED,llmg_1058,LLMG_RS05370
UPDATED,llmg_1062,LLMG_RS05390
UPDATED,llmg_1976,LLMG_RS09905
UPDATED,llmg_0630,LLMG_RS03290
UPDATED,llmg_1641,LLMG_RS08260
UPDATED,llmg_2017,LLMG_RS10095
UPDATED,llmg_0426,LLMG_RS02175
UPDATED,llmg_0785,LLMG_RS04050
UPDATED,llmg_1864,LLMG_RS09335
UPDATED,llmg_1863,LLMG_RS09330
UPDATED,llmg_1861,LLMG_RS09320
UPDATED,llmg_1862,LLMG_RS09325
UPDATED,llmg_0913,LLMG_RS04660
UPDATED,llmg_1337,LLMG_RS06775
UPDATED,llmg_1785,LLMG_RS08955
UPDATED,llmg_1225,LLMG_RS06190
UPDATED,llmg_1184,LLMG_RS05995
UPDATED,llmg_1183,LLMG_RS05990
UPDATED,llmg_0999,LLMG_RS05085
UPDATED,llmg_1000,LLMG_RS05090
UPDATED,llmg_1637,LLMG_RS08245
UPDATED,llmg_2448,LLMG_RS12290
UPDATED,llmg_0397,LLMG_RS02035
UPDATED,llmg_0123,LLMG_RS00655
UPDATED,llmg_2504,LLMG_RS12580
UPDATED,llmg_0387,LLMG_RS01985
UPDATED,llmg_1416,LLMG_RS07150
UPDATED,llmg_2398,LLMG_RS12025
UPDATED,llmg_2399,LLMG_RS12030
UPDATED,llmg_2400,LLMG_RS12035
UPDATED,llmg_0543,LLMG_RS02840
UPDATED,llmg_0291,LLMG_RS01520
UPDATED,llmg_0253,LLMG_RS01325
UPDATED,llmg_1913,LLMG_RS09575
UPDATED,llmg_0230,LLMG_RS01210
NOSEQ,llmg_1002,LLMG_RS05100
UPDATED,llmg_0858,LLMG_RS04390
UPDATED,llmg_0138,LLMG_RS00750
UPDATED,llmg_0636,LLMG_RS03320
UPDATED,llmg_1325,LLMG_RS06715
UPDATED,llmg_1326,LLMG_RS06720
UPDATED,llmg_1327,LLMG_RS06725
UPDATED,llmg_1328,LLMG_RS06730
UPDATED,llmg_1426,LLMG_RS07195
UPDATED,llmg_2040,LLMG_RS10195
UPDATED,llmg_2299,LLMG_RS11535
UPDATED,llmg_1603,LLMG_RS08070
UPDATED,llmg_1623,LLMG_RS08170
UPDATED,llmg_1622,LLMG_RS08165
UPDATED,llmg_1336,LLMG_RS06770
UPDATED,llmg_2197,LLMG_RS11035
UPDATED,llmg_2484,LLMG_RS12480
UPDATED,llmg_2224,LLMG_RS11155
UPDATED,llmg_2321,LLMG_RS11635
UPDATED,llmg_1529,LLMG_RS07695
UPDATED,llmg_1088,LLMG_RS05525
UPDATED,llmg_2199,LLMG_RS11045
UPDATED,llmg_2149,LLMG_RS10755
UPDATED,llmg_2075,LLMG_RS10355
UPDATED,llmg_0224,LLMG_RS01180
UPDATED,llmg_1925,LLMG_RS09635
UPDATED,llmg_2481,LLMG_RS12465
UPDATED,llmg_1642,LLMG_RS08265
UPDATED,llmg_1331,LLMG_RS06745
UPDATED,llmg_1050,LLMG_RS05335
UPDATED,llmg_1099,LLMG_RS05580
UPDATED,llmg_0139,LLMG_RS00755
UPDATED,llmg_1097,LLMG_RS05570
UPDATED,llmg_2327,LLMG_RS11665
UPDATED,llmg_0870,LLMG_RS04450
UPDATED,llmg_2476,LLMG_RS12440
UPDATED,llmg_2499,LLMG_RS12560
UPDATED,llmg_1926,LLMG_RS09640
UPDATED,llmg_1755,LLMG_RS08820
UPDATED,llmg_0383,LLMG_RS01965
UPDATED,llmg_1757,LLMG_RS08830
UPDATED,llmg_0559,LLMG_RS02910
UPDATED,llmg_1934,LLMG_RS09680
UPDATED,llmg_1117,LLMG_RS05670
UPDATED,llmg_0401,LLMG_RS02055
UPDATED,llmg_1524,LLMG_RS07670
UPDATED,llmg_1194,LLMG_RS06045
UPDATED,llmg_0384,LLMG_RS01970
UPDATED,llmg_2396,LLMG_RS12010
UNKNOWN,llmg_2518
UPDATED,llmg_1431,LLMG_RS07220
UPDATED,llmg_0462,LLMG_RS02350
UPDATED,llmg_0929,LLMG_RS04740
UPDATED,llmg_0782,LLMG_RS04035
UPDATED,llmg_0372,LLMG_RS01910
UPDATED,llmg_2506,LLMG_RS12590
UPDATED,llmg_2387,LLMG_RS11965
UPDATED,llmg_0930,LLMG_RS04745
UPDATED,llmg_0341,LLMG_RS01755
UPDATED,llmg_0342,LLMG_RS01760
UPDATED,llmg_0338,LLMG_RS01740
UPDATED,llmg_0335,LLMG_RS01730
UPDATED,llmg_0336,LLMG_RS01735
UPDATED,llmg_0340,LLMG_RS01750
UPDATED,llmg_2217,LLMG_RS11125
UPDATED,llmg_1297,LLMG_RS06580
UPDATED,llmg_1702,LLMG_RS08560
UPDATED,llmg_0392,LLMG_RS02010
UPDATED,llmg_1120,LLMG_RS05690
UPDATED,llmg_1429,LLMG_RS07210
UPDATED,llmg_2412,LLMG_RS12095
UPDATED,llmg_1638,LLMG_RS08250
UPDATED,llmg_1531,LLMG_RS07705
UPDATED,llmg_0789,LLMG_RS04070
UPDATED,llmg_0788,LLMG_RS04065
UPDATED,llmg_0787,LLMG_RS04060
UPDATED,llmg_1872,LLMG_RS09370
UPDATED,llmg_0158,LLMG_RS00845
UPDATED,llmg_1871,LLMG_RS09365
UPDATED,llmg_1869,LLMG_RS09360
UPDATED,llmg_1178,LLMG_RS05965
UPDATED,llmg_1424,LLMG_RS07185
UPDATED,llmg_1678,LLMG_RS08440
UPDATED,llmg_1616,LLMG_RS08135
UPDATED,llmg_1185,LLMG_RS06000
UPDATED,llmg_2215,LLMG_RS11115
UPDATED,llmg_1831,LLMG_RS09170
UPDATED,llmg_0893,LLMG_RS04560
UPDATED,llmg_2494,LLMG_RS12530
UPDATED,llmg_1149,LLMG_RS05835
UPDATED,llmg_2013,LLMG_RS10075
UPDATED,llmg_1689,LLMG_RS08500
UPDATED,llmg_1332,LLMG_RS06750
UPDATED,llmg_1294,LLMG_RS06560
UPDATED,llmg_1558,LLMG_RS07830
UPDATED,llmg_1509,LLMG_RS07605
UPDATED,llmg_0910,LLMG_RS04645
UPDATED,llmg_0079,LLMG_RS00430
UPDATED,llmg_2147,LLMG_RS10745
UPDATED,llmg_1486,LLMG_RS07495
UPDATED,llmg_0523,LLMG_RS02750
UPDATED,llmg_1579,LLMG_RS07955
UPDATED,llmg_1923,LLMG_RS09625
UPDATED,llmg_0355,LLMG_RS01830
UPDATED,llmg_0617,LLMG_RS03215
UPDATED,llmg_1107,LLMG_RS05620
UPDATED,llmg_0928,LLMG_RS04735
UPDATED,llmg_2316,LLMG_RS11610
UPDATED,llmg_1924,LLMG_RS09630
UPDATED,llmg_1604,LLMG_RS08075
UPDATED,llmg_2420,LLMG_RS12135
UPDATED,llmg_2421,LLMG_RS12140
UPDATED,llmg_2176,LLMG_RS10940
UPDATED,llmg_1338,LLMG_RS06780
UPDATED,llmg_1465,LLMG_RS07395
UPDATED,llmg_0536,LLMG_RS02810
UPDATED,llmg_2196,LLMG_RS11030
UPDATED,llmg_2195,LLMG_RS11025
UPDATED,llmg_1782,LLMG_RS08940
UPDATED,llmg_1779,LLMG_RS08930
UPDATED,llmg_1778,LLMG_RS08925
UPDATED,llmg_1777,LLMG_RS08920
UPDATED,llmg_1963,LLMG_RS09820
UPDATED,llmg_2162,LLMG_RS10805
UPDATED,llmg_1455,LLMG_RS07345
UPDATED,llmg_1938,LLMG_RS09700
UPDATED,llmg_0196,LLMG_RS01035
UPDATED,llmg_2468,LLMG_RS12400
UPDATED,llmg_1961,LLMG_RS09810
UPDATED,llmg_1829,LLMG_RS09160
UPDATED,llmg_1754,LLMG_RS08815
UPDATED,llmg_2312,LLMG_RS11590
UPDATED,llmg_0586,LLMG_RS03045
UPDATED,llmg_2469,LLMG_RS12405
UPDATED,llmg_0871,LLMG_RS04455
UPDATED,llmg_0508,LLMG_RS02585
UPDATED,llmg_1775,LLMG_RS08910
UPDATED,llmg_2431,LLMG_RS12210
UPDATED,llmg_0024,LLMG_RS00150
UPDATED,llmg_0022,LLMG_RS00140
UPDATED,llmg_1906,LLMG_RS09540
UPDATED,llmg_1008,LLMG_RS05125
UPDATED,llmg_1681,LLMG_RS08455
UPDATED,llmg_0567,LLMG_RS02950
UPDATED,llmg_1733,LLMG_RS08710
UPDATED,llmg_1732,LLMG_RS08705
UPDATED,llmg_0091,LLMG_RS00495
UPDATED,llmg_0191,LLMG_RS01010
UPDATED,llmg_0816,LLMG_RS04195
UPDATED,llmg_1942,LLMG_RS09715
UPDATED,llmg_1943,LLMG_RS09720
UPDATED,llmg_1039,LLMG_RS05270
UPDATED,llmg_0516,LLMG_RS02625
UPDATED,llmg_0745,LLMG_RS03850
UPDATED,llmg_0455,LLMG_RS02310
UPDATED,llmg_2392,LLMG_RS11990
UPDATED,llmg_1679,LLMG_RS08445
UPDATED,llmg_0511,LLMG_RS02600
UPDATED,llmg_0358,LLMG_RS01845
UPDATED,llmg_1237,LLMG_RS06255
UPDATED,llmg_2201,LLMG_RS11055
UPDATED,llmg_0637,LLMG_RS03325
UPDATED,llmg_1758,LLMG_RS08835
UPDATED,llmg_0885,LLMG_RS04525
UPDATED,llmg_2467,LLMG_RS12395
UPDATED,llmg_0753,LLMG_RS03890
UPDATED,llmg_0171,LLMG_RS00920
UPDATED,llmg_0125,LLMG_RS00665
UPDATED,llmg_1227,LLMG_RS06200
UPDATED,llmg_2314,LLMG_RS11600
UPDATED,llmg_0629,LLMG_RS03285
UPDATED,llmg_1997,LLMG_RS10005
UPDATED,llmg_0361,LLMG_RS01860
UPDATED,llmg_1113,LLMG_RS05650
UPDATED,llmg_0517,LLMG_RS02630
UPDATED,llmg_0326,LLMG_RS01685
UPDATED,llmg_0957,LLMG_RS04875
UPDATED,llmg_2190,LLMG_RS11000
UPDATED,llmg_1137,LLMG_RS05775
UPDATED,llmg_1136,LLMG_RS05770
UPDATED,llmg_1138,LLMG_RS05780
UPDATED,llmg_1843,LLMG_RS09230
